Date,Price,Open,High,Low,Vol.,Change %
30/07/2025,125.92,128.67,130.16,125.08,482.29K,-2.08%
29/07/2025,128.6,125.95,128.62,125.48,434.86K,2.08%
28/07/2025,125.98,128.18,128.33,125.39,566.61K,-2.21%
25/07/2025,128.83,127.34,129.34,127.04,505.81K,0.45%
24/07/2025,128.25,128.16,129.48,126.3,467.46K,-0.65%
23/07/2025,129.09,130.17,131.82,128.74,641.03K,-0.84%
22/07/2025,130.19,126.5,131.17,126.16,838.95K,4.08%
21/07/2025,125.09,123.09,126.09,123.07,575.83K,3.18%
18/07/2025,121.23,122.89,122.95,120.79,545.02K,-0.92%
17/07/2025,122.35,122.75,123.45,121.56,536.17K,-1.21%
16/07/2025,123.85,124.7,125.5,123.05,459.92K,-0.39%
15/07/2025,124.33,125.4,125.9,122.34,463.13K,-0.69%
14/07/2025,125.19,125.52,127.64,125.02,549.42K,0.51%
11/07/2025,124.55,123.86,125.25,122.8,528.93K,1.43%
10/07/2025,122.8,122.5,122.98,120.6,707.75K,0.99%
09/07/2025,121.6,118.6,121.68,118.05,742.36K,2.49%
08/07/2025,118.65,126.03,126.04,117.13,984.32K,-6.22%
07/07/2025,126.52,122.82,126.72,120.5,689.98K,1.83%
04/07/2025,124.25,124.17,124.51,123.63,148.98K,0.75%
03/07/2025,123.32,120.46,123.39,120.45,377.07K,1.16%
02/07/2025,121.91,122.61,122.95,120.64,673.32K,-0.45%
30/06/2025,122.46,119.79,122.72,118.66,849.24K,2.31%
27/06/2025,119.7,120,120.43,118.57,879.89K,-2.77%
26/06/2025,123.11,122.59,123.22,121.65,664.69K,0.47%
25/06/2025,122.54,121.05,123.65,120.93,630.11K,0.86%
24/06/2025,121.5,120.69,122.13,118.26,1.02M,-1.92%
23/06/2025,123.88,122.95,125.88,122.95,439.58K,0.99%
20/06/2025,122.66,123,125.28,122.47,1.79M,-0.40%
19/06/2025,123.15,124.31,124.32,122.8,206.36K,-1.30%
18/06/2025,124.77,124.63,125.55,124.11,536.14K,0.17%
17/06/2025,124.56,125.32,125.55,122.99,496.59K,-0.10%
16/06/2025,124.69,123.07,125.31,122.83,520.31K,0.10%
13/06/2025,124.57,124.61,125.5,123.62,1.01M,1.28%
12/06/2025,123,123.13,124.25,122.45,650.49K,0.99%
11/06/2025,121.8,120.72,121.84,120.29,456.95K,1.00%
10/06/2025,120.6,122.37,122.47,119.14,660.35K,-1.12%
09/06/2025,121.96,121,122.01,119.73,585.59K,0.36%
06/06/2025,121.52,125.44,125.59,121.07,736.95K,-2.95%
05/06/2025,125.21,128.71,129.87,124.39,842.61K,-1.40%
04/06/2025,126.99,126.3,127.28,125.41,764.80K,0.91%
03/06/2025,125.84,125.18,125.94,123.38,599.53K,0.02%
02/06/2025,125.82,121.52,125.89,121.12,812.55K,5.81%
30/05/2025,118.91,118.32,120,118.1,3.49M,0.07%
29/05/2025,118.83,119.21,119.68,118.33,494.97K,-0.38%
28/05/2025,119.28,118.41,119.28,117.34,746.50K,0.85%
27/05/2025,118.27,116.56,119.04,116.42,969.37K,-1.13%
26/05/2025,119.62,118.24,120.28,117.76,196.61K,0.60%
23/05/2025,118.91,118.95,119.69,117.79,528.20K,1.39%
22/05/2025,117.28,117.63,118.24,116.75,625.56K,-0.81%
21/05/2025,118.24,116.26,118.56,115.9,1.15M,2.43%
20/05/2025,115.44,111.57,115.65,111.53,704.16K,5.17%
16/05/2025,109.77,108.03,109.78,107.14,923.47K,-0.19%
15/05/2025,109.98,108.3,110.03,107.39,840.12K,2.89%
14/05/2025,106.89,106.5,107.25,105.36,1.30M,-2.28%
13/05/2025,109.38,111.4,111.5,108.37,1.14M,-1.00%
12/05/2025,110.49,114.53,114.53,110.07,748.18K,-7.59%
09/05/2025,119.56,116.53,120.5,115.21,803.41K,3.97%
08/05/2025,114.99,116.54,117.63,114.94,980.26K,-2.11%
07/05/2025,117.47,115.99,117.79,115.63,886.96K,-0.53%
06/05/2025,118.09,116.59,118.25,115.59,560.92K,2.52%
05/05/2025,115.19,114.98,115.59,112.88,433.24K,3.14%
02/05/2025,111.68,113.42,113.54,110.47,932.14K,-0.52%
01/05/2025,112.26,112.33,112.86,111.06,605.93K,-2.48%
30/04/2025,115.11,112.5,115.15,112.49,1.09M,1.65%
29/04/2025,113.24,112.43,113.8,112.43,623.07K,-0.16%
28/04/2025,113.42,112.55,113.46,111.19,893.23K,0.24%
25/04/2025,113.15,110.68,113.57,110.67,633.75K,-0.64%
24/04/2025,113.88,113.87,114.46,112.23,548.04K,0.61%
23/04/2025,113.19,110.88,113.97,109.45,1.16M,-1.96%
22/04/2025,115.45,118.82,119,114.91,1.07M,-2.03%
21/04/2025,117.84,119.65,120.6,116.69,644.75K,1.27%
17/04/2025,116.36,117.54,117.54,115.14,396.08K,-1.06%
16/04/2025,117.61,119.94,119.94,116.38,844.30K,1.00%
15/04/2025,116.44,115.18,116.73,113.61,748.84K,1.94%
14/04/2025,114.22,113.35,115.99,111.88,750.62K,0.15%
11/04/2025,114.05,110.72,115.16,110.72,1.00M,4.71%
10/04/2025,108.92,105.72,110.2,104.08,1.19M,3.37%
09/04/2025,105.37,102.77,106.72,102.03,952.36K,4.75%
08/04/2025,100.59,104.27,104.55,99.49,1.44M,-0.07%
07/04/2025,100.66,98,105.17,96.18,1.33M,-0.27%
04/04/2025,100.93,107.92,109.6,100.8,1.65M,-8.78%
03/04/2025,110.64,103.74,112.9,103.42,971.68K,-0.52%
02/04/2025,111.22,110.82,111.42,108.62,829.85K,1.16%
01/04/2025,109.95,111.74,111.97,108.47,860.86K,-1.54%
31/03/2025,111.67,110.66,112.21,108.58,1.20M,1.49%
28/03/2025,110.03,110.5,111.37,108.97,1.11M,0.33%
27/03/2025,109.67,108.82,110.05,108.24,477.23K,2.01%
26/03/2025,107.51,109.06,109.06,107.21,446.96K,-0.90%
25/03/2025,108.49,108.51,109.36,107.73,836.22K,1.11%
24/03/2025,107.3,107.1,108.44,107.06,511.15K,-0.31%
21/03/2025,107.63,107.73,107.86,105.81,2.14M,-0.52%
20/03/2025,108.19,108.22,109.79,107.44,601.48K,-0.90%
19/03/2025,109.17,108.07,109.35,107.02,617.89K,1.09%
18/03/2025,107.99,110.43,110.46,106.87,907.86K,-0.53%
17/03/2025,108.56,107.21,109.07,106.34,881.89K,2.38%
14/03/2025,106.04,107.12,107.72,104.38,606.47K,0.97%
13/03/2025,105.02,103.03,106.17,102.86,688.10K,2.56%
12/03/2025,102.4,101.8,102.82,101.3,616.97K,-0.10%
11/03/2025,102.5,101.38,103.62,101.21,865.18K,1.83%
10/03/2025,100.66,100.62,102.34,100.18,871.41K,-0.67%
07/03/2025,101.34,100.77,103.01,100.45,620.73K,0.90%
06/03/2025,100.44,100.47,102.22,99.74,712.08K,-1.32%
05/03/2025,101.78,99.81,101.84,99.32,591.21K,1.99%
04/03/2025,99.79,99.74,101.22,98.7,696.70K,0.13%
03/03/2025,99.66,100.75,102.05,99.08,868.71K,-0.23%
28/02/2025,99.89,96.64,100.07,96.3,2.57M,1.71%
27/02/2025,98.21,99.92,101,97.64,557.23K,-2.58%
26/02/2025,100.81,98.15,101.33,98.15,520.10K,2.19%
25/02/2025,98.65,97.13,98.85,96.18,759.48K,0.46%
24/02/2025,98.2,97.87,98.62,96.29,425.45K,1.38%
21/02/2025,96.86,98.37,98.64,96.78,547.33K,-2.28%
20/02/2025,99.12,98.65,99.79,97.98,753.43K,0.27%
19/02/2025,98.85,97.26,99.16,95.96,909.88K,1.37%
18/02/2025,97.51,96.55,97.92,96.38,909.37K,1.88%
14/02/2025,95.71,98.46,98.49,95.38,632.19K,-2.59%
13/02/2025,98.25,97.67,98.76,96.47,547.08K,0.71%
12/02/2025,97.56,95.2,97.61,95.2,563.13K,2.18%
11/02/2025,95.48,96,96.44,95.41,414.13K,-1.43%
10/02/2025,96.87,96.52,97.4,95.63,596.52K,2.45%
07/02/2025,94.55,95.96,96.99,94.28,749.61K,-1.19%
06/02/2025,95.69,94.79,95.76,93.94,794.52K,1.32%
05/02/2025,94.44,92.59,95.7,92.59,867.49K,3.06%
04/02/2025,91.64,92,92.67,90.96,593.94K,-0.96%
03/02/2025,92.53,90.72,93.28,90.72,891.36K,2.04%
31/01/2025,90.68,91.5,92.21,90.28,729.16K,-0.81%
30/01/2025,91.42,88.83,91.63,88.27,705.87K,4.85%
29/01/2025,87.19,87.03,88.52,86.85,556.61K,0.30%
28/01/2025,86.93,85.42,86.99,84.76,669.89K,2.15%
27/01/2025,85.1,85.13,85.4,83.89,452.79K,-1.13%
24/01/2025,86.07,85.83,86.53,85.46,612.95K,1.56%
23/01/2025,84.75,84.12,84.81,83.16,517.16K,-0.13%
22/01/2025,84.86,85.9,86,84.47,415.85K,-0.53%
21/01/2025,85.31,83.75,86.62,83.75,591.48K,1.51%
20/01/2025,84.04,83.5,84.47,82.51,101.47K,0.61%
17/01/2025,83.53,82.56,83.96,81.85,581.49K,0.94%
16/01/2025,82.75,84.13,84.63,82.65,339.42K,-0.65%
15/01/2025,83.29,82.43,83.33,80.97,590.25K,1.91%
14/01/2025,81.73,80.48,82.45,80.43,668.66K,1.84%
13/01/2025,80.25,81.5,81.51,80.04,417.15K,-2.73%
10/01/2025,82.5,84.22,84.69,82.16,818.53K,-2.08%
09/01/2025,84.25,83.17,84.4,83.17,209.88K,1.26%
08/01/2025,83.2,81.62,83.83,81.57,786.33K,1.92%
07/01/2025,81.63,82.1,83.56,81.21,641.48K,0.88%
06/01/2025,80.92,83.15,83.27,80.84,376.06K,-2.71%
03/01/2025,83.17,83.82,84.07,83.07,567.24K,-0.59%
02/01/2025,83.66,82.49,84.06,82.44,508.95K,3.40%
31/12/2024,80.91,80.3,81.23,80.3,398.59K,0.51%
30/12/2024,80.5,81.32,81.32,79.88,467.32K,-2.15%
27/12/2024,82.27,81.6,82.51,81.4,339.62K,-0.42%
24/12/2024,82.62,82.47,82.97,81.93,182.20K,0.23%
23/12/2024,82.43,81.84,82.71,81.21,868.07K,0.38%
20/12/2024,82.12,82.45,83.43,81.83,2.86M,0.29%
19/12/2024,81.88,82.74,83.68,81.58,532.76K,-0.85%
18/12/2024,82.58,85.28,85.67,82.39,654.56K,-3.47%
17/12/2024,85.55,84.99,85.96,84.48,940.57K,-0.04%
16/12/2024,85.58,86.24,86.99,85.43,623.82K,-0.74%
13/12/2024,86.22,86.86,87.15,85.72,567.54K,-1.30%
12/12/2024,87.36,89.42,89.42,87.23,680.64K,-3.71%
11/12/2024,90.73,88,90.75,87.84,778.82K,3.62%
10/12/2024,87.56,88.7,89.42,87.21,862.61K,-0.69%
09/12/2024,88.17,88.83,90.77,88.04,723.38K,1.53%
06/12/2024,86.84,88.66,88.73,86.67,433.47K,-1.65%
05/12/2024,88.3,88.32,89.17,87.16,502.46K,-0.29%
04/12/2024,88.56,88.4,89.59,88.4,455.85K,-0.28%
03/12/2024,88.81,87.3,89.33,87.28,1.06M,2.85%
02/12/2024,86.35,86.82,87.09,86.1,475.73K,-0.88%
29/11/2024,87.12,87.22,87.95,86.76,472.85K,0.32%
28/11/2024,86.84,86.63,87.39,86.21,100.94K,0.31%
27/11/2024,86.57,87.61,88.15,86.15,439.04K,-0.82%
26/11/2024,87.29,86.36,87.39,85.56,650.07K,2.57%
25/11/2024,85.1,86.67,87.51,85,4.29M,-4.59%
22/11/2024,89.19,88.91,89.54,88.5,754.13K,0.60%
21/11/2024,88.66,88.61,88.69,87.75,647.20K,0.68%
20/11/2024,88.06,87.65,88.35,87.17,852.57K,0.76%
19/11/2024,87.4,86.11,87.45,85.45,915.78K,2.44%
18/11/2024,85.32,85.05,85.6,84.44,820.11K,3.22%
15/11/2024,82.66,83.5,84.28,82.32,570.09K,-0.91%
14/11/2024,83.42,81.83,84.28,81.66,559.39K,0.90%
13/11/2024,82.68,83.88,84.18,82.67,620.90K,-0.66%
12/11/2024,83.23,84.11,84.79,82.99,1.06M,-2.00%
11/11/2024,84.93,87.25,88.53,83.98,590.32K,-5.87%
08/11/2024,90.23,89.25,91.9,88.19,626.81K,1.06%
07/11/2024,89.28,88.28,89.47,87.48,792.43K,1.84%
06/11/2024,87.67,86.26,88.2,86.11,936.29K,-3.42%
05/11/2024,90.77,90.36,90.97,89.88,458.42K,0.65%
04/11/2024,90.18,90.83,91.01,89.58,933.91K,-0.82%
01/11/2024,90.93,92.54,92.57,90.88,461.97K,-1.11%
31/10/2024,91.95,92.83,92.83,90.38,1.45M,-2.07%
30/10/2024,93.89,94.21,94.38,92.07,1.02M,-0.57%
29/10/2024,94.43,93,94.45,92.65,614.39K,2.31%
28/10/2024,92.3,91.4,92.57,91.15,1.77M,0.42%
25/10/2024,91.91,92.16,92.97,91.53,707.58K,-1.17%
24/10/2024,93,93.68,93.96,90.8,942.61K,-0.35%
23/10/2024,93.33,93.42,94.1,92.51,568.71K,-1.46%
22/10/2024,94.71,93.49,94.84,93.05,507.41K,2.28%
21/10/2024,92.6,93.06,94.4,92.41,512.44K,0.86%
18/10/2024,91.81,88.64,92.11,88.27,640.69K,4.61%
17/10/2024,87.76,86.99,88.14,86.59,598.16K,1.69%
16/10/2024,86.3,85.82,86.64,84.93,695.75K,1.31%
15/10/2024,85.18,83.7,85.19,83.6,625.40K,1.93%
11/10/2024,83.57,84.31,85.23,83.26,498.55K,-0.25%
10/10/2024,83.78,82.92,83.84,81.99,645.91K,2.63%
09/10/2024,81.63,81.17,81.87,80.42,497.00K,0.20%
08/10/2024,81.47,80.71,81.52,80.29,512.51K,0.30%
07/10/2024,81.23,81.66,81.66,80.44,553.66K,-0.81%
04/10/2024,81.89,82.07,82.87,81.5,608.79K,-0.43%
03/10/2024,82.24,82.55,82.63,81.02,480.44K,-1.15%
02/10/2024,83.2,82.84,83.5,81.83,584.51K,0.79%
01/10/2024,82.55,83.15,83.51,81.62,707.28K,-0.06%
30/09/2024,82.6,83.95,83.95,81.74,1.19M,-2.19%
27/09/2024,84.45,86.3,86.48,84.28,484.44K,-2.40%
26/09/2024,86.53,86.87,87.37,85.68,841.80K,-0.02%
25/09/2024,86.55,84.99,86.88,84.62,1.02M,1.44%
24/09/2024,85.32,84.41,85.92,84.1,819.81K,1.46%
23/09/2024,84.09,84.85,85.62,84.07,448.04K,-0.90%
20/09/2024,84.85,85.23,85.74,84.46,2.41M,0.58%
19/09/2024,84.36,85.58,85.76,83.55,572.57K,1.01%
18/09/2024,83.52,84.15,87.05,83.38,746.02K,-0.48%
17/09/2024,83.92,84.08,84.97,83.56,469.85K,-0.80%
16/09/2024,84.6,84.91,85.34,83.5,740.39K,-0.48%
13/09/2024,85.01,84.4,85.66,84.06,632.41K,1.94%
12/09/2024,83.39,81.86,83.85,81.86,782.61K,3.69%
11/09/2024,80.42,80.3,80.79,79.26,624.14K,-0.47%
10/09/2024,80.8,79.43,80.84,78.87,734.83K,1.76%
09/09/2024,79.4,78.92,79.73,78.91,380.19K,0.97%
06/09/2024,78.64,80.73,80.73,78.22,617.28K,-2.76%
05/09/2024,80.87,81.94,82.09,80.76,494.70K,0.30%
04/09/2024,80.63,80.47,81.47,79.88,469.81K,-0.35%
03/09/2024,80.91,82.81,83.02,79.94,732.92K,-2.86%
30/08/2024,83.29,83.05,83.45,82.7,1.10M,0.17%
29/08/2024,83.15,82.84,83.75,82.71,546.75K,0.52%
28/08/2024,82.72,83.08,83.24,82.3,550.66K,-1.41%
27/08/2024,83.9,83.06,84.06,82.77,837.11K,-0.18%
26/08/2024,84.05,84.13,84.3,83.24,628.07K,0.17%
23/08/2024,83.91,83.62,84.71,83.16,485.60K,1.06%
22/08/2024,83.03,83.14,83.8,82.77,1.11M,-1.34%
21/08/2024,84.16,83.71,84.25,83.05,482.00K,0.19%
20/08/2024,84,83.3,84.81,83.3,496.17K,1.79%
19/08/2024,82.52,80.61,82.8,80.27,900.14K,2.10%
16/08/2024,80.82,80.09,80.99,79.59,444.13K,1.85%
15/08/2024,79.35,79.4,79.58,77.28,698.11K,0.38%
14/08/2024,79.05,79.54,79.69,78.21,491.40K,-0.95%
13/08/2024,79.81,78.5,80,78.3,506.83K,1.53%
12/08/2024,78.61,77.14,79.17,77.08,983.13K,2.56%
09/08/2024,76.65,75.4,76.83,74.36,544.28K,2.68%
08/08/2024,74.65,73.97,75.75,73.91,555.81K,1.66%
07/08/2024,73.43,76.57,76.61,72.93,1.12M,-3.01%
06/08/2024,75.71,76.74,77.15,74.83,1.16M,-5.33%
02/08/2024,79.97,81.47,83.37,79.44,742.85K,-1.41%
01/08/2024,81.11,82.46,82.75,80.26,1.01M,-1.74%
31/07/2024,82.55,82.37,82.79,81.29,1.67M,1.21%
30/07/2024,81.56,81.49,82.33,80.87,828.17K,0.41%
29/07/2024,81.23,81.02,81.61,80.32,475.15K,0.71%
26/07/2024,80.66,81.91,82.02,80.56,456.05K,-0.70%
25/07/2024,81.23,80.82,81.99,80.11,393.00K,-1.88%
24/07/2024,82.79,83.64,84.66,82.77,452.98K,-0.42%
23/07/2024,83.14,82.84,83.41,82.21,377.09K,0.78%
22/07/2024,82.5,82.21,82.86,81.73,318.71K,0.06%
19/07/2024,82.45,81.38,83.41,81.38,356.61K,-1.34%
18/07/2024,83.57,84.26,84.52,82.69,1.02M,-0.50%
17/07/2024,83.99,84.81,86.22,83.85,595.23K,-1.14%
16/07/2024,84.96,81.89,85,81.5,588.53K,4.44%
15/07/2024,81.35,81.48,82.02,80.35,596.89K,0.17%
12/07/2024,81.21,80.3,81.43,80.01,669.99K,0.49%
11/07/2024,80.81,81.03,81.12,78.99,422.39K,1.72%
10/07/2024,79.44,77.14,79.52,77.03,778.68K,3.91%
09/07/2024,76.45,76.47,76.95,75.9,644.08K,-0.17%
08/07/2024,76.58,75.69,76.62,75.25,414.06K,0.70%
05/07/2024,76.05,75.7,76.8,75.25,746.13K,1.89%
04/07/2024,74.64,74.15,74.77,74.15,64.98K,0.38%
03/07/2024,74.36,72.66,74.87,72.66,471.41K,3.38%
02/07/2024,71.93,72.15,72.96,71.3,847.22K,0.28%
28/06/2024,71.73,72.9,73.01,71.18,605.68K,-1.17%
27/06/2024,72.58,73.14,73.18,72.12,418.65K,0.23%
26/06/2024,72.41,72.24,73.1,71.9,547.89K,-0.45%
25/06/2024,72.74,72.71,73.05,72.11,375.08K,-0.14%
24/06/2024,72.84,72.86,73.42,72.44,472.65K,0.36%
21/06/2024,72.58,73.76,73.83,71.72,5.10M,-1.59%
20/06/2024,73.75,72.73,74.72,72.65,690.24K,1.81%
19/06/2024,72.44,72.15,72.5,71.82,426.51K,0.19%
18/06/2024,72.3,71.79,72.88,71.79,780.29K,-0.04%
17/06/2024,72.33,72.53,72.69,71.79,498.50K,-0.51%
14/06/2024,72.7,73.38,73.42,72.02,513.89K,0.10%
13/06/2024,72.63,73.07,73.69,72.19,414.60K,-1.14%
12/06/2024,73.47,74.11,74.72,73,763.22K,0.19%
11/06/2024,73.33,73.57,73.57,72.44,818.63K,-0.96%
10/06/2024,74.04,72.8,74.22,72.8,1.27M,2.34%
07/06/2024,72.35,73.87,74.29,72.03,925.92K,-4.80%
06/06/2024,76,73.46,76.06,73.43,674.99K,3.44%
05/06/2024,73.47,72.36,73.82,72.15,712.06K,1.76%
04/06/2024,72.2,74.08,74.32,71.52,953.29K,-3.90%
03/06/2024,75.13,75.16,75.93,74.57,1.01M,0.64%
31/05/2024,74.65,77.07,77.71,74.61,4.57M,-2.88%
30/05/2024,76.86,76.73,77.81,76.67,844.44K,0.09%
29/05/2024,76.79,77.81,78.17,76.64,1.06M,-2.04%
28/05/2024,78.39,78,78.42,77.47,530.52K,0.91%
27/05/2024,77.68,77.75,77.91,77.4,204.03K,0.78%
24/05/2024,77.08,76.93,77.34,76.31,1.09M,0.80%
23/05/2024,76.47,77.19,77.97,76.08,580.29K,-1.29%
22/05/2024,77.47,78.73,78.73,76.7,671.60K,-1.84%
21/05/2024,78.92,78.03,78.95,77.76,556.71K,1.71%
17/05/2024,77.59,76.77,77.67,76.39,606.98K,2.00%
16/05/2024,76.07,75.94,76.72,75.27,634.90K,-0.03%
15/05/2024,76.09,76.21,76.7,74.71,581.98K,0.71%
14/05/2024,75.55,75.03,75.6,74.69,608.02K,1.30%
13/05/2024,74.58,74.92,75.14,74.02,564.08K,-0.71%
10/05/2024,75.11,77.52,78.15,74.29,668.46K,-1.56%
09/05/2024,76.3,75,76.59,74.97,695.11K,2.22%
08/05/2024,74.64,73.23,74.79,73.22,602.42K,1.00%
07/05/2024,73.9,73.3,73.91,73.09,396.41K,0.57%
06/05/2024,73.48,73.29,73.83,72.69,493.30K,1.94%
03/05/2024,72.08,72.75,73.16,71.22,403.27K,-0.61%
02/05/2024,72.52,71.99,72.89,71.63,1.12M,-0.45%
01/05/2024,72.85,71.97,73.85,71.97,555.46K,1.58%
30/04/2024,71.72,71.81,72.45,71.21,887.13K,-2.02%
29/04/2024,73.2,73.82,74.13,71.9,641.45K,-0.80%
26/04/2024,73.79,74.04,74.45,72.78,364.44K,0.52%
25/04/2024,73.41,71.62,73.73,70.56,652.09K,1.97%
24/04/2024,71.99,71.3,72.23,71.3,824.90K,0.46%
23/04/2024,71.66,69.99,71.7,69.78,1.17M,1.52%
22/04/2024,70.59,70.78,71.54,70.01,546.73K,-2.47%
19/04/2024,72.38,72.57,73.04,72.04,687.38K,-0.21%
18/04/2024,72.53,72.9,73.29,71.82,665.64K,0.01%
17/04/2024,72.52,71,73.31,70.98,922.54K,2.39%
16/04/2024,70.83,69.26,71.21,68.75,1.00M,0.34%
15/04/2024,70.59,71.93,72.15,69.57,736.11K,-1.05%
12/04/2024,71.34,73.11,74.72,70.88,812.40K,-0.93%
11/04/2024,72.01,70.79,72.53,70.26,765.65K,2.64%
10/04/2024,70.16,68.09,70.31,67.44,587.08K,1.40%
09/04/2024,69.19,68.95,69.76,68.64,1.06M,1.79%
08/04/2024,67.97,68.96,69.36,67.19,724.28K,-1.12%
05/04/2024,68.74,67.67,69.38,67.58,777.41K,1.37%
04/04/2024,67.81,68.6,68.69,67.15,786.96K,-1.92%
03/04/2024,69.14,66.77,69.48,66.68,1.08M,3.57%
02/04/2024,66.76,65.26,66.83,65.01,1.73M,2.93%
01/04/2024,64.86,64.99,65.26,63.87,434.43K,1.66%
28/03/2024,63.8,63.29,64.2,63.06,694.82K,1.61%
27/03/2024,62.79,60.74,62.81,60.61,375.58K,3.56%
26/03/2024,60.63,61.7,61.72,60.63,1.24M,-0.62%
25/03/2024,61.01,61.13,61.89,61.01,499.22K,-0.16%
22/03/2024,61.11,61.27,61.7,61.06,906.14K,-0.54%
21/03/2024,61.44,62.5,63.34,61.25,1.36M,0.92%
20/03/2024,60.88,58.91,61.25,58.72,677.92K,3.45%
19/03/2024,58.85,59.59,59.72,58.74,827.35K,-1.57%
18/03/2024,59.79,60.57,60.57,59.61,967.07K,-0.57%
15/03/2024,60.13,61.39,61.51,59.8,3.30M,-1.31%
14/03/2024,60.93,60.81,61.48,60.53,910.58K,-0.83%
13/03/2024,61.44,60.44,61.92,60.43,865.97K,2.01%
12/03/2024,60.23,59.63,60.39,59.27,784.09K,-0.63%
11/03/2024,60.61,60.03,60.91,59.96,689.10K,0.45%
08/03/2024,60.34,59.83,60.84,59.65,571.49K,1.33%
07/03/2024,59.55,59.75,60.54,59.3,612.20K,0.44%
06/03/2024,59.29,58.78,59.7,58.31,816.42K,2.08%
05/03/2024,58.08,58.51,59.03,57.81,764.25K,0.05%
04/03/2024,58.05,57.38,58.7,57.38,780.75K,1.97%
01/03/2024,56.93,56.32,57.75,55.82,848.33K,1.79%
29/02/2024,55.93,54.96,56.09,54.95,2.96M,3.61%
28/02/2024,53.98,53.1,54.17,53.05,684.08K,0.99%
27/02/2024,53.45,53.13,53.84,52.87,1.27M,1.00%
26/02/2024,52.92,53.18,53.22,52.15,1.29M,-1.67%
23/02/2024,53.82,53.56,54.07,52.82,1.72M,0.81%
22/02/2024,53.39,54.69,54.83,53.09,1.19M,-2.93%
21/02/2024,55,57.77,58.02,53.75,1.81M,-8.00%
20/02/2024,59.78,60.37,60.67,59.52,685.86K,-0.22%
16/02/2024,59.91,59.54,60.33,59.49,396.30K,0.33%
15/02/2024,59.71,59.04,60.44,59,746.03K,1.98%
14/02/2024,58.55,58.64,58.79,57.61,1.01M,-0.32%
13/02/2024,58.74,60.3,60.41,58.35,925.54K,-4.14%
12/02/2024,61.28,61.23,61.39,60.68,680.35K,0.10%
09/02/2024,61.22,61.64,61.64,60.48,372.13K,-0.87%
08/02/2024,61.76,62.26,62.77,61.45,398.10K,-1.69%
07/02/2024,62.82,63.34,63.34,62.64,503.02K,-0.81%
06/02/2024,63.33,63.23,63.58,62.85,408.97K,0.62%
05/02/2024,62.94,62.72,63.17,62.3,723.94K,-0.93%
02/02/2024,63.53,63.08,63.69,62.22,763.16K,-1.26%
01/02/2024,64.34,63.77,64.89,63.62,622.91K,2.11%
31/01/2024,63.01,63.73,64.37,62.66,801.95K,-0.80%
30/01/2024,63.52,64.14,64.57,63.17,604.52K,-0.77%
29/01/2024,64.01,63.63,64.16,62.38,500.92K,1.83%
26/01/2024,62.86,63.01,63.4,62.56,259.71K,-0.29%
25/01/2024,63.04,62.91,63.11,62.35,468.96K,1.32%
24/01/2024,62.22,64.32,64.82,62.2,641.59K,-2.26%
23/01/2024,63.66,62.56,63.79,62.34,605.55K,2.38%
22/01/2024,62.18,61.61,62.27,61.19,440.92K,0.19%
19/01/2024,62.06,62.65,62.73,61.5,657.93K,-0.80%
18/01/2024,62.56,62.35,62.8,61.75,606.92K,0.58%
17/01/2024,62.2,63.64,63.65,62.11,702.72K,-3.63%
16/01/2024,64.54,64.3,64.65,63.47,914.15K,-0.29%
15/01/2024,64.73,65.43,65.43,64.67,104.19K,-0.42%
12/01/2024,65,65.4,66.29,64.56,486.10K,1.59%
11/01/2024,63.98,64.44,64.78,63.47,801.92K,-0.91%
10/01/2024,64.57,63.74,64.81,63.58,638.27K,1.11%
09/01/2024,63.86,64,64,62.67,971.28K,-0.09%
08/01/2024,63.92,63.13,64.21,62.8,461.26K,0.42%
05/01/2024,63.65,63.89,64.75,63.37,820.37K,-0.62%
04/01/2024,64.05,63.56,64.32,62.87,477.25K,0.80%
03/01/2024,63.54,63.73,64.06,63.2,420.47K,-1.60%
02/01/2024,64.57,65.3,65.93,64.33,557.57K,-1.22%
29/12/2023,65.37,65.28,65.44,64.55,392.15K,-0.38%
28/12/2023,65.62,66.32,66.64,65.57,498.91K,-1.53%
27/12/2023,66.64,66.04,67.05,65.84,516.66K,0.76%
22/12/2023,66.14,66.64,67.39,66.04,504.89K,0.53%
21/12/2023,65.79,65.66,66.12,65.46,348.63K,0.90%
20/12/2023,65.2,66.79,66.92,65.2,544.35K,-2.15%
19/12/2023,66.63,65.52,67.51,64.94,628.14K,1.87%
18/12/2023,65.41,65.48,65.9,64.7,641.63K,0.18%
15/12/2023,65.29,65.69,65.96,64.85,3.50M,-0.79%
14/12/2023,65.81,65.72,67.02,65.5,926.39K,0.66%
13/12/2023,65.38,63.06,65.39,62.44,1.07M,3.74%
12/12/2023,63.02,65.2,65.2,62.75,1.11M,-2.73%
11/12/2023,64.79,63.45,64.88,62.88,549.85K,0.78%
08/12/2023,64.29,63.94,64.8,63.76,554.46K,-1.12%
07/12/2023,65.02,65.57,65.57,64.69,530.54K,-0.28%
06/12/2023,65.2,65.75,66.06,64.88,622.57K,-0.35%
05/12/2023,65.43,65.9,66.27,64.97,905.98K,-1.18%
04/12/2023,66.21,65.53,66.28,65.12,879.23K,-0.94%
01/12/2023,66.84,66.36,66.87,65.59,819.17K,0.74%
30/11/2023,66.35,66.71,67.05,66.19,1.57M,-0.49%
29/11/2023,66.68,66.52,67.11,66.3,717.74K,-0.04%
28/11/2023,66.71,65.1,66.76,64.6,1.06M,2.90%
27/11/2023,64.83,65.12,65.3,64.22,734.00K,1.33%
24/11/2023,63.98,64.94,65.12,63.94,243.71K,-1.04%
23/11/2023,64.65,64.73,64.93,64.41,130.84K,-0.11%
22/11/2023,64.72,64.79,65.09,64.36,522.94K,0.56%
21/11/2023,64.36,63.63,65.55,63.59,1.00M,2.24%
20/11/2023,62.95,62.32,62.97,61.8,391.20K,0.38%
17/11/2023,62.71,63.42,63.57,62.25,465.33K,-0.67%
16/11/2023,63.13,61.88,63.6,61.72,965.35K,3.51%
15/11/2023,60.99,61.37,61.41,60.41,535.67K,-0.62%
14/11/2023,61.37,60.8,61.68,60.47,638.85K,2.66%
13/11/2023,59.78,59.31,59.91,58.8,458.65K,0.79%
10/11/2023,59.31,58.81,60.12,58.49,659.52K,0.00%
09/11/2023,59.31,58.57,60.56,58.15,368.86K,1.35%
08/11/2023,58.52,59.24,60.13,58.29,445.40K,-1.91%
07/11/2023,59.66,60.53,60.63,58.75,809.66K,-2.20%
06/11/2023,61,60.94,61.82,60.77,480.90K,-0.64%
03/11/2023,61.39,59.92,61.94,59.92,506.34K,3.30%
02/11/2023,59.43,60.12,60.12,59.05,451.45K,-0.49%
01/11/2023,59.72,58.83,59.76,58.38,686.02K,1.96%
31/10/2023,58.57,59.92,60.72,58.17,1.08M,-2.50%
30/10/2023,60.07,60.53,60.59,59.17,502.15K,-0.48%
27/10/2023,60.36,59.46,60.39,58.73,408.05K,2.08%
26/10/2023,59.13,59.96,60.03,57.96,564.35K,-1.35%
25/10/2023,59.94,59.95,60.9,59.92,349.88K,-0.02%
24/10/2023,59.95,59.08,60.08,58.88,470.94K,0.45%
23/10/2023,59.68,58.89,59.78,57.85,953.73K,0.86%
20/10/2023,59.17,58.92,60.36,58.76,477.67K,0.37%
19/10/2023,58.95,58.81,59,58.1,320.25K,0.00%
18/10/2023,58.95,59.4,59.93,58.61,564.33K,0.15%
17/10/2023,58.86,58.27,59.12,58.15,447.72K,1.34%
16/10/2023,58.08,57.82,58.47,57.3,428.21K,0.12%
13/10/2023,58.01,57.35,58.21,57.03,569.24K,4.05%
12/10/2023,55.75,56.28,56.64,55.45,401.82K,-1.24%
11/10/2023,56.45,55.92,56.46,55.14,761.85K,2.10%
10/10/2023,55.29,55.22,55.77,54.97,459.90K,1.84%
06/10/2023,54.29,53.73,54.65,53.4,479.31K,1.06%
05/10/2023,53.72,53.3,53.86,53.1,440.53K,0.73%
04/10/2023,53.33,54.04,54.08,52.89,485.88K,-0.87%
03/10/2023,53.8,53.08,53.99,52.67,619.99K,1.05%
02/10/2023,53.24,54.51,54.7,52.92,824.62K,-3.41%
29/09/2023,55.12,55.77,56.17,54.66,1.22M,0.95%
28/09/2023,54.6,54.36,54.66,53.77,808.55K,0.50%
27/09/2023,54.33,55.86,55.88,53.56,727.67K,-3.34%
26/09/2023,56.21,57.04,57.33,56.18,616.37K,-2.06%
25/09/2023,57.39,58.12,58.19,56.96,513.14K,-1.78%
22/09/2023,58.43,58.74,59.69,58.32,447.84K,-0.09%
21/09/2023,58.48,58.96,59.54,58.38,1.08M,-2.74%
20/09/2023,60.13,58.93,60.51,58.86,511.83K,2.16%
19/09/2023,58.86,59.72,59.75,58.8,576.29K,-1.92%
18/09/2023,60.01,59.79,60.28,59.31,393.21K,0.32%
15/09/2023,59.82,58.76,59.95,58.75,2.57M,3.03%
14/09/2023,58.06,57.81,58.51,57.52,761.67K,0.85%
13/09/2023,57.57,58.37,58.48,56.99,709.09K,-1.42%
12/09/2023,58.4,58.01,59.05,58.01,507.98K,-0.31%
11/09/2023,58.58,58.25,58.8,58.17,398.35K,1.77%
08/09/2023,57.56,57,58.21,56.91,597.71K,0.74%
07/09/2023,57.14,56.9,57.28,56.82,703.36K,0.07%
06/09/2023,57.1,56.95,57.31,56.39,717.53K,0.05%
05/09/2023,57.07,58.19,58.9,56.68,635.46K,-2.84%
01/09/2023,58.74,59.89,60.09,58.67,606.85K,-0.34%
31/08/2023,58.94,58.79,59.36,58.28,1.47M,-0.57%
30/08/2023,59.28,59.84,60.35,59.03,356.49K,-0.10%
29/08/2023,59.34,58.65,59.49,58.25,525.38K,1.45%
28/08/2023,58.49,57.45,58.7,57.33,378.91K,2.17%
25/08/2023,57.25,57.5,57.85,56.39,557.33K,-0.28%
24/08/2023,57.41,57.29,58.04,56.92,501.55K,-0.76%
23/08/2023,57.85,57.06,58.37,56.94,446.82K,2.52%
22/08/2023,56.43,56.17,56.51,55.86,541.56K,0.86%
21/08/2023,55.95,55.69,55.95,55.14,410.79K,0.70%
18/08/2023,55.56,55.74,55.82,55.04,420.97K,-0.47%
17/08/2023,55.82,56.31,56.89,55.52,601.36K,-0.62%
16/08/2023,56.17,57.2,57.2,56.1,641.30K,-1.95%
15/08/2023,57.29,59.16,59.28,57.24,941.24K,-3.86%
14/08/2023,59.59,60.37,60.44,59.11,763.61K,-2.10%
11/08/2023,60.87,58.44,61.25,58.11,541.28K,2.73%
10/08/2023,59.25,59.86,59.88,58.61,1.07M,-0.19%
09/08/2023,59.36,59.01,59.5,58.41,750.77K,1.14%
08/08/2023,58.69,58,58.84,57.83,1.14M,-0.17%
04/08/2023,58.79,56.99,58.95,56.99,835.55K,3.81%
03/08/2023,56.63,56.27,56.68,55.73,618.68K,0.41%
02/08/2023,56.4,58.09,58.09,56.34,989.31K,-3.09%
01/08/2023,58.2,58.29,58.67,57.83,486.91K,-1.57%
31/07/2023,59.13,58.46,59.45,58.12,608.65K,1.55%
